                  epoch,         train/box_loss,         train/cls_loss,         train/dfl_loss,   metrics/precision(B),      metrics/recall(B),       metrics/mAP50(B),    metrics/mAP50-95(B),           val/box_loss,           val/cls_loss,           val/dfl_loss,                 lr/pg0,                 lr/pg1,                 lr/pg2
                      1,                 1.4412,                 2.0588,                 1.2391,                0.00853,                0.73623,                0.51462,                0.29116,                 1.2243,                 3.0405,                 1.2173,             0.00054433,             0.00054433,             0.00054433
                      2,                  1.378,                 1.3989,                 1.2181,                0.84538,                0.80124,                0.90811,                0.58901,                 1.2055,                 1.4919,                 1.1582,             0.00088219,             0.00088219,             0.00088219
                      3,                 1.3397,                 1.1971,                 1.2096,                0.87833,                0.82421,                0.89128,                0.57931,                 1.1826,                 1.3618,                 1.1575,                  0.001,                  0.001,                  0.001
                      4,                 1.3102,                 1.0974,                 1.1901,                0.92687,                0.89427,                0.93716,                0.63696,                 1.1244,                 1.0542,                 1.1143,              0.0006768,              0.0006768,              0.0006768
                      5,                  1.272,                 1.0177,                 1.1708,                 0.9222,                0.90735,                0.94635,                0.66391,                 1.0834,                0.94108,                  1.076,             0.00034674,             0.00034674,             0.00034674
